<?xml version="1.0" encoding="UTF-8" ?>
<!--  /shop1/src/main/resources/spring-mvc.xml -->
<beans xmlns="http://www.springframework.org/schema/beans"
       xmlns:xsi="http://www.w3.org/2001/XMLSchema-instance"
       xmlns:p="http://www.springframework.org/schema/p"
       xmlns:context="http://www.springframework.org/schema/context"
       xmlns:aop="http://www.springframework.org/schema/aop"
       xmlns:mvc="http://www.springframework.org/schema/mvc"
       xmlns:websocket="http://www.springframework.org/schema/websocket"
 xsi:schemaLocation="http://www.springframework.org/schema/beans
 http://www.springframework.org/schema/beans/spring-beans.xsd
 http://www.springframework.org/schema/context
 http://www.springframework.org/schema/context/spring-context.xsd
 http://www.springframework.org/schema/aop
 http://www.springframework.org/schema/aop/spring-aop.xsd
 http://www.springframework.org/schema/mvc
 http://www.springframework.org/schema/mvc/spring-mvc.xsd
 http://www.springframework.org/schema/websocket
 http://www.springframework.org/schema/websocket/spring-websocket-4.1.xsd">
 
 <!-- js, css, html : 웹에서 기본 제공되는 파일은 spring에서 제외시킴. -->
 <mvc:default-servlet-handler/>
 
 <!-- @Component, @Controller, @Service, @Repository => 객체화 -->
 <!-- 20230523 : aop 추가, CartAspect.java 클래스 사용하게끔 -->
 <context:component-scan base-package="controller, logic, dao, aop,websocket" />
 
 <!-- 20230523 : aop 관련 어노테이션 적용 -->
 <aop:aspectj-autoproxy />
 
 <!-- mvc 관련 어노테이션 적용 -->
 <mvc:annotation-driven />
 
 <!-- view 결정자 : jsp 페이지의 위치 지정
 		item/list : /WEB-INF/view/item/list.jsp => itemList 데이터 전달
  -->
 <bean id ="viewResolver" class="org.springframework.web.servlet.view.InternalResourceViewResolver">
 	<property name="viewClass">
 		<value>org.springframework.web.servlet.view.JstlView</value>
 	</property>
 	<property name="prefix"><value>/WEB-INF/view/</value></property>
 	<property name="suffix"><value>.jsp</value></property>
 </bean>
 
 <!-- 파일 업로드 설정 -->
 <bean id ="multipartResolver" class="org.springframework.web.multipart.commons.CommonsMultipartResolver"
 	p:maxUploadSize="104854600" p:maxInMemorySize="10485460" />
 
 <!-- 예외처리 설정 -->
 <bean id="execeptionHandler" class="org.springframework.web.servlet.handler.SimpleMappingExceptionResolver">
 	<property name="exceptionMappings">
 		<value>
 			exception.CartEmptyException=exception
 			exception.LoginException=exception
 			exception.BoardException=exception
 			
 		</value>
 	</property>
 </bean>

<!-- message 처리 설정, message.properties : 기본 / mseeages_ko_KR.properties  --> 
<bean id ="messageSource" class="org.springframework.context.support.ResourceBundleMessageSource">
	<property name="basenames">
		<list>
			<value>messages</value>
		</list>
	</property>
</bean>
<!-- websocket 관련 설정 -->
<websocket:handlers>
	<websocket:mapping handler="echoHandler" path="/chatting"/>
</websocket:handlers>

</beans>